Position,Max_Frequency,Entropy,Sum_of_Pairs,Variance
1,1.0,0.0,5.0,0.0
2,1.0,0.0,4.0,0.0
3,0.5,1.406,0.714,0.024
4,0.375,2.156,0.607,0.01
5,0.875,0.544,3.25,0.141
6,0.75,1.061,2.643,0.087
7,0.875,0.544,3.5,0.141
8,0.75,1.061,2.75,0.087
9,0.875,0.544,3.0,0.141
10,0.875,0.544,4.5,0.141
11,0.875,0.544,4.5,0.141
12,1.0,0.0,6.0,0.0
13,0.889,0.503,8.778,0.151
14,1.0,0.0,5.0,0.0
15,0.556,1.352,1.917,0.033
16,1.0,0.0,6.0,0.0
17,0.889,0.503,3.778,0.151
18,0.333,1.891,0.278,0.008
19,0.556,1.88,1.111,0.032
20,0.333,2.197,0.417,0.007
21,0.444,2.281,-0.056,0.015
22,0.444,1.53,2.5,0.008
23,0.333,2.419,-0.417,0.007
24,0.667,1.447,1.611,0.058
25,0.556,0.991,2.889,0.003
26,0.444,1.392,2.556,0.025
27,0.222,2.503,-0.528,0.003
28,0.667,1.447,1.417,0.058
29,0.889,0.503,3.111,0.151
30,0.889,0.503,4.889,0.151
31,0.667,1.447,1.667,0.058
32,0.778,0.986,2.528,0.099
33,0.222,2.725,-0.194,0.003
34,0.444,2.281,-0.083,0.015
35,0.556,1.658,0.944,0.033
36,0.333,2.419,-0.25,0.007
37,0.333,2.197,0.75,0.007
38,0.5,1.0,-2.0,0.0
39,0.5,1.0,-3.0,0.0
40,0.556,0.991,1.944,0.003
41,0.667,1.224,3.222,0.058
42,0.889,0.503,2.889,0.151
43,1.0,0.0,4.0,0.0
44,0.444,1.53,1.694,0.008
45,0.667,1.447,1.722,0.058
46,0.889,0.503,4.778,0.151
47,0.889,0.503,5.222,0.151
48,0.444,1.753,0.389,0.021
49,0.333,2.419,0.111,0.007
50,0.778,0.986,5.028,0.099
51,0.556,0.991,2.889,0.003
52,0.556,1.658,0.694,0.033
53,0.333,2.113,1.194,0.012
54,0.556,1.658,1.389,0.033
55,0.556,1.352,2.056,0.033
56,0.444,1.753,1.167,0.021
57,0.444,2.059,0.417,0.017
58,0.889,0.503,3.333,0.151
59,0.5,1.0,-1.0,0.0
60,0.333,2.197,0.278,0.007
61,0.556,1.658,1.083,0.033
62,0.444,2.059,1.0,0.017
63,0.333,1.891,1.5,0.008
64,0.333,2.642,-0.889,0.006
65,0.667,1.447,2.333,0.058
66,0.778,0.986,2.528,0.099
67,0.889,0.503,3.111,0.151
68,1.0,0.0,5.0,0.0
69,1.0,0.0,6.0,0.0
70,0.556,0.991,3.167,0.003
71,0.75,0.811,5.0,0.062
72,0.556,1.658,0.417,0.033
73,0.556,1.658,0.389,0.033
74,0.333,2.197,0.111,0.007
75,0.333,1.975,0.861,0.002
76,1.0,0.0,6.0,0.0
77,1.0,0.0,4.0,0.0
78,1.0,0.0,6.0,0.0
79,1.0,0.0,5.0,0.0
80,1.0,0.0,6.0,0.0
81,1.0,0.0,5.0,0.0
82,0.556,1.658,1.722,0.033
83,0.889,0.503,3.111,0.151
84,0.556,1.658,1.056,0.033
85,0.333,2.113,0.194,0.012
86,0.778,0.986,3.028,0.099
87,0.556,1.352,2.778,0.033
88,0.889,0.503,3.444,0.151
89,0.889,0.503,4.889,0.151
90,0.333,2.197,0.583,0.007
91,1.0,0.0,6.0,0.0
92,0.667,1.447,1.5,0.058
93,0.333,2.419,0.222,0.007
94,1.0,0.0,11.0,0.0
95,1.0,0.0,4.0,0.0
96,0.556,0.991,3.444,0.003
97,1.0,0.0,4.0,0.0
98,1.0,0.0,6.0,0.0
99,1.0,0.0,8.0,0.0
100,1.0,0.0,4.0,0.0
101,1.0,0.0,5.0,0.0
102,1.0,0.0,5.0,0.0
103,1.0,0.0,5.0,0.0
104,0.556,1.658,1.167,0.033
105,0.444,1.837,1.472,0.015
106,1.0,0.0,0,0.0
107,1.0,0.0,0,0.0
108,0.667,1.224,3.056,0.058
109,0.778,0.986,2.694,0.099
110,1.0,0.0,5.0,0.0
111,0.778,0.986,2.5,0.099
112,0.778,0.764,4.056,0.077
113,0.556,1.658,1.167,0.033
114,0.556,1.658,1.278,0.033
115,0.778,0.764,3.611,0.077
116,0.556,0.991,2.111,0.003
117,0.333,1.891,1.5,0.008
118,1.0,0.0,5.0,0.0
119,0.556,1.436,1.361,0.025
120,0.556,1.88,0.833,0.032
121,0.556,1.658,2.861,0.033
122,1.0,0.0,4.0,0.0
123,0.889,0.503,2.889,0.151
124,0.444,2.059,0.722,0.017
125,1.0,0.0,0,0.0
126,0.444,1.53,1.25,0.008
127,0.889,0.503,4.667,0.151
128,0.667,1.447,2.222,0.058
129,0.556,1.352,0.889,0.033
130,1.0,0.0,4.0,0.0
131,0.889,0.503,3.778,0.151
132,0.556,1.88,0.444,0.032
133,1.0,0.0,9.0,0.0
134,0.778,0.764,3.611,0.077
135,1.0,0.0,6.0,0.0
136,1.0,0.0,5.0,0.0
137,0.444,1.392,0.889,0.025
138,0.889,0.503,2.444,0.151
139,0.667,0.918,3.583,0.028
140,0.889,0.503,4.333,0.151
141,0.889,0.503,4.333,0.151
142,0.889,0.503,4.111,0.151
143,0.889,0.503,3.333,0.151
144,1.0,0.0,6.0,0.0
145,0.333,2.419,-0.861,0.007
146,1.0,0.0,5.0,0.0
147,0.333,2.642,-0.667,0.006
148,0.333,1.891,0.472,0.008
149,1.0,0.0,4.0,0.0
150,0.778,0.986,1.472,0.099
151,0.444,1.837,-0.194,0.015
152,0.444,1.753,0.861,0.021
153,1.0,0.0,5.0,0.0
154,0.444,1.392,1.167,0.025
155,0.444,2.059,0.389,0.017
156,0.667,0.918,2.0,0.028
157,0.556,1.658,2.167,0.033
158,0.667,1.447,1.583,0.058
159,0.556,1.436,2.722,0.025
160,0.444,1.753,1.139,0.021
161,0.444,1.753,1.5,0.021
162,0.667,1.224,1.75,0.058
163,0.778,0.986,3.306,0.099
164,1.0,0.0,0,0.0
165,1.0,0.0,0,0.0
166,1.0,0.0,11.0,0.0
167,0.667,1.447,1.806,0.058
168,0.444,1.753,1.556,0.021
169,0.889,0.503,3.778,0.151
170,1.0,0.0,4.0,0.0
171,0.333,1.585,2.5,0.0
172,1.0,0.0,4.0,0.0
173,1.0,0.0,7.0,0.0
174,1.0,0.0,5.0,0.0
175,1.0,0.0,7.0,0.0
176,1.0,0.0,4.0,0.0
177,1.0,0.0,11.0,0.0
178,1.0,0.0,4.0,0.0
179,1.0,0.0,4.0,0.0
180,1.0,0.0,6.0,0.0
181,1.0,0.0,5.0,0.0
182,1.0,0.0,6.0,0.0
183,0.778,0.986,2.667,0.099
184,0.556,1.352,1.722,0.033
185,1.0,0.0,4.0,0.0
186,0.889,0.503,4.111,0.151
187,0.889,0.503,5.0,0.151
188,0.444,1.753,1.833,0.021
189,0.889,0.503,3.889,0.151
190,1.0,0.0,4.0,0.0
191,0.889,0.503,4.333,0.151
192,0.778,0.986,3.694,0.099
193,0.889,0.503,3.778,0.151
194,1.0,0.0,8.0,0.0
195,0.667,0.918,1.917,0.028
196,0.333,2.419,-0.75,0.007
197,0.667,1.224,2.778,0.058
198,1.0,0.0,5.0,0.0
199,0.333,2.419,-0.222,0.007
200,0.778,0.764,6.972,0.077
201,0.889,0.503,3.333,0.151
202,0.556,1.658,1.472,0.033
203,0.556,1.88,1.417,0.032
204,0.667,0.918,2.917,0.028
205,0.556,1.658,1.944,0.033
206,0.667,1.224,2.0,0.058
207,0.444,1.753,0.833,0.021
208,0.333,2.419,0.0,0.007
209,0.778,0.986,2.889,0.099
210,0.889,0.503,3.333,0.151
211,0.333,2.113,0.556,0.012
212,0.667,1.447,1.833,0.058
213,0.667,0.918,1.917,0.028
214,1.0,0.0,5.0,0.0
215,1.0,0.0,4.0,0.0
216,0.556,1.352,1.694,0.033
217,1.0,0.0,7.0,0.0
218,1.0,0.0,6.0,0.0
219,1.0,0.0,6.0,0.0
220,1.0,0.0,4.0,0.0
221,0.889,0.503,3.111,0.151
222,0.778,0.986,3.139,0.099
223,0.444,1.392,1.333,0.025
224,0.667,1.447,1.306,0.058
225,0.667,0.918,2.917,0.028
226,0.556,0.991,3.167,0.003
227,0.556,1.88,1.194,0.032
228,0.667,1.224,1.944,0.058
229,0.889,0.503,3.111,0.151
230,0.667,1.447,0.972,0.058
231,0.333,2.113,0.667,0.012
232,0.556,1.352,2.139,0.033
233,0.778,0.986,3.472,0.099
234,0.889,0.503,4.889,0.151
235,0.556,0.991,3.444,0.003
236,0.889,0.503,4.889,0.151
237,1.0,0.0,6.0,0.0
238,1.0,0.0,6.0,0.0
239,1.0,0.0,4.0,0.0
240,1.0,0.0,4.0,0.0
241,1.0,0.0,6.0,0.0
242,1.0,0.0,6.0,0.0
243,1.0,0.0,4.0,0.0
244,1.0,0.0,4.0,0.0
245,0.889,0.503,3.556,0.151
246,1.0,0.0,5.0,0.0
247,1.0,0.0,7.0,0.0
248,0.778,0.986,3.083,0.099
249,1.0,0.0,6.0,0.0
250,0.778,0.986,3.167,0.099
251,0.667,1.224,3.194,0.058
252,1.0,0.0,4.0,0.0
253,0.889,0.503,3.778,0.151
254,0.778,0.986,3.75,0.099
255,0.778,0.764,2.833,0.077
256,0.333,2.113,0.556,0.012
257,0.444,2.059,1.083,0.017
258,1.0,0.0,0,0.0
259,1.0,0.0,0,0.0
260,1.0,0.0,0,0.0
261,0.5,1.0,0.0,0.0
262,0.5,1.0,1.0,0.0
263,0.5,1.0,1.0,0.0
264,0.5,1.0,0.0,0.0
